{"best_val_f1":0.8674049843606777,"_timestamp":1.7731556582988315e+09,"_wandb":{"runtime":4},"val_f1":0.8674049843606777,"_step":10,"train_loss":0.3745249732630044,"epoch":10,"_runtime":4,"train_acc":0.8713148148148148,"val_acc":0.8676666666666667}