{"_timestamp":1.7731549905318053e+09,"train_loss":0.3964724792582368,"val_f1":0.8731721666422834,"epoch":10,"train_acc":0.866574074074074,"val_acc":0.8733333333333333,"_step":10,"_runtime":5,"_wandb":{"runtime":5},"best_val_f1":0.8731721666422834}