{"val_acc":0.8833333333333333,"_runtime":33,"train_acc":0.8963888888888889,"_timestamp":1.7731557555296283e+09,"val_f1":0.8823891916822756,"epoch":10,"train_loss":0.16079801499506838,"best_val_f1":0.8823891916822756,"_wandb":{"runtime":33},"_step":10}