{"_timestamp":1.7731570758650882e+09,"train_acc":0.9121111111111111,"best_val_f1":0.8952639233356757,"val_acc":0.894,"_step":10,"epoch":10,"_runtime":17,"val_f1":0.8952639233356757,"train_loss":0.27571913528589453,"_wandb":{"runtime":17}}