{"_step":10,"val_acc":0.7445,"_runtime":8,"epoch":10,"_timestamp":1.7731553809951012e+09,"train_loss":0.3842849007834043,"best_val_f1":0.7178263988136873,"_wandb":{"runtime":8},"val_f1":0.7178263988136873,"train_acc":0.7424444444444445}