{"train_loss":0.2711032401800954,"train_acc":0.9060370370370371,"_runtime":12,"_wandb":{"runtime":12},"_step":10,"best_val_f1":0.8931637765805803,"val_f1":0.8926644871758296,"_timestamp":1.7731572977485416e+09,"val_acc":0.8923333333333333,"epoch":10}