{"_timestamp":1.7731547636234338e+09,"_wandb":{"runtime":6},"epoch":10,"val_f1":0.8658412046559885,"_runtime":6,"val_acc":0.8683333333333333,"train_acc":0.8731111111111111,"best_val_f1":0.8662549614123443,"_step":10,"train_loss":0.19395912040114208}