{"best_val_f1":0.8743382120305225,"_runtime":10,"val_acc":0.875,"_step":10,"train_loss":0.18478613740238406,"epoch":10,"_timestamp":1.7731548666164653e+09,"_wandb":{"runtime":10},"train_acc":0.877537037037037,"val_f1":0.8743382120305225}