{"best_val_f1":0.8676510310521046,"val_acc":0.8691666666666666,"_timestamp":1.7731567156477141e+09,"_runtime":10,"epoch":10,"train_loss":0.20285116265568784,"val_f1":0.8676510310521046,"_wandb":{"runtime":10},"_step":10,"train_acc":0.8668518518518519}