{"val_f1":0.8631574890231957,"_timestamp":1.7731549185133686e+09,"_wandb":{"runtime":6},"_runtime":6,"_step":10,"epoch":10,"val_acc":0.8645,"best_val_f1":0.8644160100647745,"train_loss":0.2032416289824762,"train_acc":0.8657592592592592}