{"val_f1":0.8740599678840442,"epoch":10,"_runtime":4,"val_acc":0.8738333333333334,"train_loss":0.17902596185119468,"_step":10,"_timestamp":1.7731554871278858e+09,"train_acc":0.8811296296296296,"best_val_f1":0.8776788238634939,"_wandb":{"runtime":4}}