{"train_loss":0.1891985246081486,"_wandb":{"runtime":8},"_timestamp":1.773156991160544e+09,"_step":10,"best_val_f1":0.8766092131639975,"_runtime":8,"val_f1":0.8766092131639975,"epoch":10,"val_acc":0.877,"train_acc":0.8803148148148148}