{"_timestamp":1.7731561105688705e+09,"_step":10,"_runtime":5,"val_acc":0.8881666666666667,"epoch":10,"val_f1":0.8872430041180192,"best_val_f1":0.8872430041180192,"train_loss":0.16095212550518817,"train_acc":0.8952407407407408,"_wandb":{"runtime":5}}