{"_step":10,"epoch":10,"train_acc":0.901074074074074,"_timestamp":1.77315613831545e+09,"val_f1":0.8879617795503305,"train_loss":0.16224259338595334,"val_acc":0.8876666666666667,"best_val_f1":0.8879617795503305,"_runtime":9,"_wandb":{"runtime":9}}