{"best_val_f1":0.8850005434503029,"val_acc":0.8858333333333334,"train_acc":0.8898703703703704,"epoch":10,"val_f1":0.8850005434503029,"_wandb":{"runtime":7},"_runtime":7,"train_loss":0.18067429619228564,"_step":10,"_timestamp":1.7731553283003857e+09}