{"epoch":10,"train_acc":0.8902962962962963,"val_acc":0.8858333333333334,"val_f1":0.8845170656595025,"_runtime":17,"_timestamp":1.7731568587337167e+09,"train_loss":0.3179408109759474,"best_val_f1":0.8874331347715982,"_step":10,"_wandb":{"runtime":17}}