{"epoch":10,"_timestamp":1.7731572545582178e+09,"best_val_f1":0.89504079839295,"val_acc":0.888,"_wandb":{"runtime":20},"val_f1":0.886290781997477,"_runtime":20,"_step":10,"train_loss":0.16009318569796957,"train_acc":0.8949259259259259}