{"_step":10,"epoch":10,"_runtime":11,"_timestamp":1.7731553564586916e+09,"train_loss":0.8919276394207364,"train_acc":0.19587037037037036,"best_val_f1":0.09832128790509027,"_wandb":{"runtime":11},"val_f1":0.09832128790509027,"val_acc":0.19833333333333333}