{"val_acc":0.8798333333333334,"epoch":10,"train_loss":0.18870243515341215,"best_val_f1":0.8809625196130888,"train_acc":0.8848148148148148,"_step":10,"_wandb":{"runtime":6},"val_f1":0.8809625196130888,"_timestamp":1.7731558098905525e+09,"_runtime":6}