{"_wandb":{"runtime":10},"_runtime":10,"val_acc":0.8541666666666666,"val_f1":0.8507369210143552,"_step":10,"best_val_f1":0.8617957211459858,"_timestamp":1.7731544829665203e+09,"train_loss":0.2002199908158433,"epoch":10,"train_acc":0.8628703703703704}