{"_wandb":{"runtime":5},"epoch":10,"best_val_f1":0.8384994242134459,"_step":10,"val_acc":0.8393333333333334,"val_f1":0.8384994242134459,"_runtime":5,"train_loss":0.24716513230771667,"train_acc":0.8375925925925926,"_timestamp":1.7731549672488387e+09}