{"best_val_f1":0.8880445908506298,"val_f1":0.8880445908506298,"_timestamp":1.7731568234950252e+09,"_runtime":11,"epoch":10,"train_loss":0.1578557935493368,"val_acc":0.8885,"_wandb":{"runtime":11},"_step":10,"train_acc":0.8977962962962963}