{"_step":10,"epoch":10,"val_f1":0.8336397216966034,"val_acc":0.8341666666666666,"_runtime":16,"_timestamp":1.7731545155660572e+09,"train_loss":0.2580048616791526,"_wandb":{"runtime":16},"train_acc":0.8314259259259259,"best_val_f1":0.8336397216966034}