{"epoch":10,"train_loss":0.1879619660798487,"train_acc":0.8792037037037037,"val_f1":0.8713940773476991,"best_val_f1":0.8724458690299601,"_timestamp":1.7731566642395275e+09,"_wandb":{"runtime":14},"_step":10,"val_acc":0.8721666666666666,"_runtime":14}