{"_step":10,"_timestamp":1.7731562562801952e+09,"train_loss":0.3358894747428349,"val_acc":0.877,"epoch":10,"_wandb":{"runtime":13},"train_acc":0.8785925925925926,"val_f1":0.8774052659980013,"best_val_f1":0.8774052659980013,"_runtime":13}