{"_runtime":6,"train_acc":0.8432407407407407,"best_val_f1":0.8364098509240725,"epoch":10,"val_f1":0.8364098509240725,"_step":10,"train_loss":0.24737365415724974,"_timestamp":1.7731551686365051e+09,"val_acc":0.8358333333333333,"_wandb":{"runtime":6}}