{"best_val_f1":0.8733742998990206,"train_acc":0.8686481481481482,"val_acc":0.8678333333333333,"val_f1":0.8657320299890481,"_timestamp":1.7731559334402637e+09,"_wandb":{"runtime":7},"_step":10,"_runtime":7,"epoch":10,"train_loss":0.2023339104813811}