{"train_acc":0.8937962962962963,"val_acc":0.8836666666666667,"val_f1":0.8826376121546791,"_timestamp":1.773155155315011e+09,"epoch":10,"_step":10,"best_val_f1":0.8826376121546791,"_wandb":{"runtime":6},"_runtime":6,"train_loss":0.1728976558779309}