{"val_f1":0.8779211417627224,"_step":10,"val_acc":0.8795,"_runtime":8,"best_val_f1":0.8779211417627224,"epoch":10,"train_loss":0.34406789656689984,"_timestamp":1.7731549451459868e+09,"train_acc":0.8790555555555556,"_wandb":{"runtime":8}}