{"val_acc":0.8768333333333334,"_step":10,"best_val_f1":0.875768978635814,"_runtime":28,"epoch":10,"train_acc":0.8740740740740741,"val_f1":0.875768978635814,"_wandb":{"runtime":28},"_timestamp":1.7731563891923306e+09,"train_loss":0.19058214908092147}