{"_step":10,"val_acc":0.8533333333333334,"epoch":10,"train_acc":0.8578888888888889,"_runtime":8,"_timestamp":1.7731566893952062e+09,"train_loss":0.18789965857917115,"_wandb":{"runtime":8},"val_f1":0.8582090186488379,"best_val_f1":0.8765480012943128}