{"train_acc":0.8897407407407407,"val_acc":0.8818333333333334,"val_f1":0.8806589354261367,"_wandb":{"runtime":18},"_runtime":18,"epoch":10,"_timestamp":1.77315656733945e+09,"_step":10,"train_loss":0.31465509693915344,"best_val_f1":0.8875384307570064}