{"_wandb":{"runtime":31},"val_acc":0.8855,"train_loss":0.14277747646452674,"train_acc":0.9043333333333333,"_timestamp":1.7731569483855705e+09,"epoch":10,"_step":10,"best_val_f1":0.8895941031620682,"val_f1":0.8856530126244285,"_runtime":31}