{"train_acc":0.8583888888888889,"_timestamp":1.773154432334112e+09,"_runtime":6,"epoch":10,"_wandb":{"runtime":6},"train_loss":0.4069559341207704,"val_acc":0.8603333333333333,"val_f1":0.85921268438227,"_step":10,"best_val_f1":0.85921268438227}