{"epoch":10,"_timestamp":1.7731570105409193e+09,"_wandb":{"runtime":9},"val_f1":0.8927065043760469,"_step":10,"val_acc":0.8928333333333334,"best_val_f1":0.8944475100207228,"train_loss":0.25803163299634696,"train_acc":0.9135,"_runtime":9}