{"val_acc":0.8721666666666666,"epoch":10,"_wandb":{"runtime":8},"_timestamp":1.7731552404972131e+09,"_runtime":8,"val_f1":0.8712697573484448,"train_loss":0.1920150302779852,"train_acc":0.8734074074074074,"best_val_f1":0.8712697573484448,"_step":10}