{"train_acc":0.9078518518518518,"val_f1":0.8915213821953032,"_wandb":{"runtime":9},"best_val_f1":0.8915213821953032,"val_acc":0.8928333333333334,"_timestamp":1.773155675796138e+09,"_step":10,"epoch":10,"_runtime":9,"train_loss":0.15280021053819237}