{"_step":10,"_wandb":{"runtime":5},"_runtime":5,"val_acc":0.8815,"epoch":10,"train_loss":0.1785225163071655,"train_acc":0.8862407407407408,"best_val_f1":0.8817992144465953,"val_f1":0.8817992144465953,"_timestamp":1.7731552991166484e+09}