{"best_val_f1":0.8926359240087403,"_runtime":14,"_timestamp":1.7731546087153535e+09,"epoch":10,"train_loss":0.14316551620250528,"train_acc":0.9071296296296296,"_wandb":{"runtime":14},"_step":10,"val_f1":0.8899485687036739,"val_acc":0.8898333333333334}