{"best_val_f1":0.887749773915594,"_step":10,"val_acc":0.8865,"train_loss":0.1571569172427041,"_runtime":6,"_wandb":{"runtime":6},"train_acc":0.9008703703703703,"epoch":10,"_timestamp":1.7731557008148227e+09,"val_f1":0.8844274571651518}