{"train_acc":0.9053333333333333,"train_loss":0.28786970119210287,"val_acc":0.8965,"_step":10,"best_val_f1":0.8965088356812296,"val_f1":0.8965088356812296,"_runtime":16,"_timestamp":1.7731572232231164e+09,"_wandb":{"runtime":16},"epoch":10}