{"_wandb":{"runtime":12},"val_f1":0.8522545571614394,"_timestamp":1.7731555183517375e+09,"train_loss":0.14708662646311013,"train_acc":0.8693518518518518,"best_val_f1":0.8897325711517219,"_step":10,"val_acc":0.859,"_runtime":12,"epoch":10}