{"_wandb":{"runtime":11},"val_f1":0.8784621726850798,"train_acc":0.8851481481481481,"_runtime":11,"_step":10,"best_val_f1":0.8784621726850798,"_timestamp":1.773154637373204e+09,"epoch":10,"val_acc":0.8801666666666667,"train_loss":0.17804157938376006}