{"_step":10,"epoch":10,"_timestamp":1.7731566020129893e+09,"_runtime":16,"train_acc":0.8477407407407408,"train_loss":0.22035176711613425,"val_acc":0.8463333333333334,"val_f1":0.8431271853890905,"_wandb":{"runtime":16},"best_val_f1":0.8586275234878313}