{"_runtime":13,"train_acc":0.9053888888888889,"val_acc":0.8858333333333334,"train_loss":0.14566323092401595,"_timestamp":1.7731545769299915e+09,"_step":10,"epoch":10,"best_val_f1":0.8906884329535325,"_wandb":{"runtime":13},"val_f1":0.8851534325786435}