{"_timestamp":1.7731552733866906e+09,"train_loss":0.8997464122495615,"train_acc":0.3533148148148148,"_wandb":{"runtime":16},"_runtime":16,"best_val_f1":0.3098885325936406,"_step":10,"epoch":10,"val_acc":0.35533333333333333,"val_f1":0.3098885325936406}