{"train_loss":1.7999957684495598,"train_acc":0.1,"_wandb":{"runtime":13},"_runtime":13,"_step":10,"best_val_f1":0.01818181818181818,"val_acc":0.1,"val_f1":0.01818181818181818,"epoch":10,"_timestamp":1.7731551315254788e+09}