{"_wandb":{"runtime":10},"_step":10,"epoch":10,"_timestamp":1.7731559949394042e+09,"best_val_f1":0.8897312783965969,"_runtime":10,"val_f1":0.8782805753646862,"train_acc":0.8924074074074074,"train_loss":0.28585073700241853,"val_acc":0.881}