{"epoch":10,"train_loss":0.19518207782233438,"_timestamp":1.7731562050042179e+09,"train_acc":0.8776666666666667,"_wandb":{"runtime":8},"_step":10,"val_f1":0.8777488454494289,"val_acc":0.8768333333333334,"best_val_f1":0.8777488454494289,"_runtime":8}