{"val_acc":0.8881666666666667,"_wandb":{"runtime":11},"_step":10,"train_acc":0.9042592592592592,"_runtime":11,"val_f1":0.8876998569489695,"epoch":10,"best_val_f1":0.894616585329976,"_timestamp":1.7731555415448701e+09,"train_loss":0.26178461029041405}