{"_timestamp":1.7731564368525586e+09,"train_loss":0.18122826261568895,"val_f1":0.8788380665115355,"best_val_f1":0.8788380665115355,"train_acc":0.8823888888888889,"epoch":10,"_runtime":31,"_wandb":{"runtime":31},"_step":10,"val_acc":0.8805}