{"_timestamp":1.773155408484016e+09,"_runtime":8,"val_f1":0.8881585866246919,"best_val_f1":0.8881585866246919,"val_acc":0.8858333333333334,"epoch":10,"_step":10,"train_acc":0.9010925925925926,"train_loss":0.14625961818809086,"_wandb":{"runtime":8}}