{"train_loss":0.15890336121356186,"best_val_f1":0.8878062691655861,"_wandb":{"runtime":21},"epoch":10,"_timestamp":1.77315579273816e+09,"train_acc":0.8879444444444444,"_runtime":21,"val_acc":0.8776666666666667,"_step":10,"val_f1":0.8739552126167288}