{"_timestamp":1.7731549013549945e+09,"train_acc":0.8905185185185185,"train_loss":0.1686995615508388,"val_acc":0.8776666666666667,"_step":10,"best_val_f1":0.8777082114308754,"_runtime":15,"val_f1":0.8774583983301497,"epoch":10,"_wandb":{"runtime":15}}