{"train_loss":0.14860482666312863,"best_val_f1":0.8924139099371435,"_wandb":{"runtime":9},"_runtime":9,"train_acc":0.906425925925926,"_timestamp":1.7731551089415061e+09,"val_acc":0.8895,"val_f1":0.88930016408434,"_step":10,"epoch":10}