{"_wandb":{"runtime":7},"_runtime":7,"_timestamp":1.7731566301939845e+09,"_step":10,"train_loss":0.34916664706861666,"val_acc":0.8738333333333334,"val_f1":0.8722032470076544,"train_acc":0.8764814814814815,"best_val_f1":0.8729670651218239,"epoch":10}