{"epoch":10,"train_loss":0.2944258106448087,"val_f1":0.8747917239230656,"best_val_f1":0.88951151387338,"train_acc":0.8907962962962963,"_runtime":23,"_step":10,"_timestamp":1.7731562901227639e+09,"val_acc":0.8786666666666667,"_wandb":{"runtime":23}}