{"val_acc":0.8701666666666666,"_wandb":{"runtime":8},"epoch":10,"train_acc":0.8785740740740741,"_runtime":8,"_timestamp":1.7731556048385618e+09,"best_val_f1":0.8734815850719503,"val_f1":0.8687946737311897,"_step":10,"train_loss":0.19970662407268774}