{"train_acc":0.8134444444444444,"best_val_f1":0.8008817047608148,"_step":10,"train_loss":0.26304570972762403,"val_f1":0.8008817047608148,"_wandb":{"runtime":36},"_timestamp":1.773157189184557e+09,"epoch":10,"val_acc":0.8105,"_runtime":36}