{"val_acc":0.86,"_step":10,"_wandb":{"runtime":5},"val_f1":0.8596145273389085,"best_val_f1":0.8596145273389085,"train_acc":0.8579629629629629,"epoch":10,"_timestamp":1.7731547397447748e+09,"train_loss":0.21273660427031188,"_runtime":5}