{"train_loss":0.15492714819591386,"val_acc":0.8795,"epoch":10,"best_val_f1":0.8897270836790767,"_wandb":{"runtime":9},"val_f1":0.8771111408207186,"_timestamp":1.773155836406326e+09,"_step":10,"_runtime":9,"train_acc":0.8936296296296297}