{"_runtime":14,"epoch":10,"_step":10,"val_f1":0.8913938468143986,"_timestamp":1.7731560556491423e+09,"best_val_f1":0.8913938468143986,"train_acc":0.9014074074074074,"train_loss":0.15534338015575405,"val_acc":0.8908333333333334,"_wandb":{"runtime":14}}