{"_step":10,"val_f1":0.880791991534965,"val_acc":0.8815,"_wandb":{"runtime":13},"epoch":10,"_runtime":13,"train_acc":0.886962962962963,"best_val_f1":0.880791991534965,"train_loss":0.17661473238027256,"_timestamp":1.7731570401868858e+09}