{"_step":10,"epoch":10,"_wandb":{"runtime":22},"val_acc":0.8651666666666666,"train_loss":0.3943045812860684,"best_val_f1":0.863242536128423,"val_f1":0.863242536128423,"_timestamp":1.7731548462735415e+09,"train_acc":0.8608333333333333,"_runtime":22}