{"_wandb":{"runtime":17},"epoch":10,"train_acc":0.9073333333333333,"val_acc":0.8913333333333333,"best_val_f1":0.8931119866749684,"_timestamp":1.7731559672815926e+09,"val_f1":0.8905074112225568,"_runtime":17,"_step":10,"train_loss":0.1494597108880687}