{"train_acc":0.8975925925925926,"train_loss":0.15881263466762388,"val_acc":0.8855,"val_f1":0.8839965737752516,"epoch":10,"best_val_f1":0.8873270597628631,"_timestamp":1.773157135932934e+09,"_runtime":10,"_step":10,"_wandb":{"runtime":10}}