{"best_val_f1":0.885920241952293,"val_f1":0.8766414503224462,"_timestamp":1.773156087910133e+09,"_runtime":23,"epoch":10,"train_loss":0.3147786089646512,"val_acc":0.881,"_wandb":{"runtime":23},"_step":10,"train_acc":0.8910925925925925}