{"val_acc":0.8745,"val_f1":0.8743541884339233,"_wandb":{"runtime":6},"epoch":10,"_timestamp":1.7731547176864417e+09,"_step":10,"best_val_f1":0.8743541884339233,"_runtime":6,"train_acc":0.8800370370370371,"train_loss":0.17252312371900938}