{"val_acc":0.8701666666666666,"train_acc":0.8860925925925925,"_wandb":{"runtime":6},"best_val_f1":0.8897744357295677,"_step":10,"epoch":10,"_runtime":6,"val_f1":0.8694238260519876,"_timestamp":1.7731572715068252e+09,"train_loss":0.29409348569057536}