{"val_acc":0.871,"best_val_f1":0.8888514551856177,"train_loss":0.15865981174733418,"_step":10,"epoch":10,"train_acc":0.8825185185185185,"val_f1":0.8689914843176323,"_timestamp":1.7731567921639135e+09,"_runtime":16,"_wandb":{"runtime":16}}