{"train_acc":0.8448703703703704,"best_val_f1":0.8464902029825586,"_wandb":{"runtime":4},"_step":10,"epoch":10,"val_f1":0.8464902029825586,"train_loss":0.4522684456387112,"_timestamp":1.7731551899228194e+09,"val_acc":0.8473333333333334,"_runtime":4}