{"_wandb":{"runtime":15},"val_acc":0.879,"best_val_f1":0.8774151276415756,"_runtime":15,"_step":10,"val_f1":0.8774151276415756,"train_loss":0.17996587254936866,"train_acc":0.8831481481481481,"epoch":10,"_timestamp":1.7731563144836736e+09}