{"val_acc":0.8596666666666667,"_wandb":{"runtime":11},"val_f1":0.8592361102492025,"_timestamp":1.7731550831493258e+09,"train_loss":0.4210294366639879,"train_acc":0.8527962962962963,"best_val_f1":0.8592361102492025,"epoch":10,"_runtime":11,"_step":10}