{"_runtime":9,"epoch":10,"train_acc":0.8977962962962963,"val_acc":0.882,"_step":10,"best_val_f1":0.8873718135536113,"_wandb":{"runtime":9},"val_f1":0.8822477452380844,"_timestamp":1.773156537962912e+09,"train_loss":0.15884031738957882}