{"_step":10,"epoch":10,"_timestamp":1.7731544615813985e+09,"best_val_f1":0.8605127796329164,"_runtime":8,"val_f1":0.8551242773211541,"val_acc":0.8555,"_wandb":{"runtime":8},"train_loss":0.20202429937116165,"train_acc":0.854925925925926}