{"_wandb":{"runtime":23},"val_acc":0.89,"val_f1":0.890193626918418,"train_acc":0.9119814814814815,"best_val_f1":0.890193626918418,"_step":10,"_runtime":23,"_timestamp":1.773156899112361e+09,"train_loss":0.1364544157062143,"epoch":10}