{"_wandb":{"runtime":10},"_step":10,"val_acc":0.8741666666666666,"val_f1":0.872923568260323,"_runtime":10,"best_val_f1":0.8777083864274168,"train_loss":0.18687317328286815,"train_acc":0.8761111111111111,"epoch":10,"_timestamp":1.7731547946719968e+09}