{"val_f1":0.7346973955951616,"best_val_f1":0.7346973955951616,"_step":10,"train_loss":0.38768232104147876,"_timestamp":1.7731567577050202e+09,"_runtime":31,"epoch":10,"train_acc":0.7629259259259259,"val_acc":0.7636666666666667,"_wandb":{"runtime":31}}