{"_wandb":{"runtime":6},"train_loss":0.16010640743912113,"best_val_f1":0.8850998183921389,"_step":10,"train_acc":0.895,"epoch":10,"val_f1":0.8850998183921389,"val_acc":0.8858333333333334,"_timestamp":1.7731550433391998e+09,"_runtime":6}