{"best_val_f1":0.8844186502133166,"_timestamp":1.7731563475885446e+09,"_wandb":{"runtime":14},"train_acc":0.8954444444444445,"val_acc":0.8818333333333334,"_runtime":14,"_step":10,"epoch":10,"train_loss":0.1555831319815507,"val_f1":0.8799419119973674}