{"best_val_f1":0.8851223893684945,"train_loss":0.3068559755219017,"train_acc":0.8841296296296296,"val_acc":0.874,"val_f1":0.8732298818422608,"epoch":10,"_timestamp":1.7731561804310994e+09,"_runtime":23,"_wandb":{"runtime":23},"_step":10}