{"train_acc":0.8906851851851851,"_runtime":20,"best_val_f1":0.8889725485795156,"_timestamp":1.7731571134836307e+09,"_step":10,"val_acc":0.8841666666666667,"_wandb":{"runtime":20},"val_f1":0.8846996264301403,"train_loss":0.1622400643777866,"epoch":10}