{"val_f1":0.8181669090521714,"_timestamp":1.773154677165868e+09,"epoch":10,"train_acc":0.8182592592592592,"val_acc":0.8185,"_step":10,"_wandb":{"runtime":13},"_runtime":13,"train_loss":0.2802891186457775,"best_val_f1":0.8181669090521714}