{"_runtime":12,"epoch":10,"_wandb":{"runtime":12},"best_val_f1":0.8922923104990363,"train_loss":0.15474522637585258,"train_acc":0.9026481481481482,"_step":10,"_timestamp":1.7731564604570994e+09,"val_acc":0.8935,"val_f1":0.8922923104990363}