{"_wandb":{"runtime":9},"epoch":10,"train_acc":0.8964074074074074,"val_acc":0.8841666666666667,"_timestamp":1.773155645584166e+09,"best_val_f1":0.8885117545767006,"_step":10,"_runtime":9,"val_f1":0.8840597049931926,"train_loss":0.15524079742146615}