{"best_val_f1":0.8805472012685783,"val_acc":0.8816666666666667,"val_f1":0.8805472012685783,"_runtime":6,"_timestamp":1.7731552148049467e+09,"train_loss":0.16911870111563904,"_step":10,"epoch":10,"_wandb":{"runtime":6},"train_acc":0.8927962962962963}