{"_step":10,"val_acc":0.1,"train_loss":2.3030387338255327,"best_val_f1":0.01818181818181818,"_wandb":{"runtime":7},"val_f1":0.01818181818181818,"_runtime":7,"_timestamp":1.7731545341332064e+09,"train_acc":0.1,"epoch":10}