{"val_acc":0.8858333333333334,"val_f1":0.8855949545454394,"_timestamp":1.7731562306151462e+09,"best_val_f1":0.8867457189259367,"_wandb":{"runtime":8},"train_acc":0.9014629629629629,"_runtime":8,"epoch":10,"_step":10,"train_loss":0.1515419893559575}