{"_timestamp":1.7731555660055475e+09,"_step":10,"epoch":10,"train_loss":0.1604225164643408,"best_val_f1":0.8828052148627561,"_wandb":{"runtime":7},"train_acc":0.889962962962963,"_runtime":7,"val_acc":0.8826666666666667,"val_f1":0.8828052148627561}