{"val_acc":0.8691666666666666,"val_f1":0.8666456803346814,"best_val_f1":0.8666456803346814,"_step":10,"epoch":10,"train_acc":0.8733888888888889,"_wandb":{"runtime":7},"_timestamp":1.7731556248751104e+09,"_runtime":7,"train_loss":0.20777946529009564}