{"train_loss":0.15194880052163123,"best_val_f1":0.894178638841918,"_wandb":{"runtime":11},"_step":10,"epoch":10,"train_acc":0.8993888888888889,"_runtime":11,"_timestamp":1.7731564889254396e+09,"val_f1":0.8827609191194045,"val_acc":0.8825}