{"train_loss":0.2501507517962724,"val_acc":0.8441666666666666,"epoch":10,"_timestamp":1.773156519486651e+09,"best_val_f1":0.8448912743384567,"_wandb":{"runtime":13},"_runtime":13,"_step":10,"train_acc":0.8395925925925926,"val_f1":0.8448912743384567}