{"val_f1":0.8063237364264534,"_step":10,"val_acc":0.8076666666666666,"_timestamp":1.7731550175654426e+09,"train_acc":0.8071851851851852,"_wandb":{"runtime":8},"epoch":10,"train_loss":0.277783046402422,"best_val_f1":0.8259865937216514,"_runtime":8}