{"train_acc":0.9078703703703703,"_runtime":11,"epoch":10,"best_val_f1":0.893226367672353,"train_loss":0.15200114192984915,"val_acc":0.894,"val_f1":0.893226367672353,"_timestamp":1.773155465609553e+09,"_wandb":{"runtime":11},"_step":10}