{"_runtime":21,"_timestamp":1.7731559087543867e+09,"best_val_f1":0.8844391489972873,"epoch":10,"train_acc":0.889,"val_f1":0.8830902169076964,"val_acc":0.8821666666666667,"train_loss":0.16355416269951206,"_wandb":{"runtime":21},"_step":10}