{"val_f1":0.8669072671385362,"_step":10,"best_val_f1":0.8853840549570828,"_runtime":4,"train_loss":0.1605414698448006,"val_acc":0.867,"_timestamp":1.773154692910175e+09,"epoch":10,"train_acc":0.8806296296296297,"_wandb":{"runtime":4}}