{"epoch":20,"val_acc":0.8963333333333333,"_timestamp":1.7731530635638294e+09,"_step":20,"test_f1":0.8804358837858782,"_runtime":30,"test_acc":0.8806,"test_recall":0.8806,"val_precision":0.8962621757816238,"val_recall":0.8963333333333333,"_wandb":{"runtime":30},"train_loss":0.24419669224568583,"val_f1":0.8952333562027712,"train_acc":0.9215740740740741,"test_precision":0.8811732000635247}