{"_runtime":18,"train_acc":0.9066296296296297,"train_loss":0.142035251165687,"val_f1":0.8902675217833661,"_step":10,"_wandb":{"runtime":18},"val_acc":0.8906666666666667,"_timestamp":1.7731560237112973e+09,"epoch":10,"best_val_f1":0.891014221469969}