{"_timestamp":1.773154553578039e+09,"_step":10,"epoch":10,"_wandb":{"runtime":7},"val_acc":0.8598333333333333,"val_f1":0.8618260020054385,"best_val_f1":0.8736092206954756,"_runtime":7,"train_acc":0.8596481481481482,"train_loss":0.19615927793726246}