{"train_acc":0.8900370370370371,"val_f1":0.8816521297606912,"_wandb":{"runtime":14},"_timestamp":1.7731558705403867e+09,"epoch":10,"train_loss":0.27802434989361324,"val_acc":0.8796666666666667,"_runtime":14,"_step":10,"best_val_f1":0.8922876155057076}