{"val_f1":0.8684228792829322,"_timestamp":1.7731554423603113e+09,"_runtime":16,"epoch":10,"train_acc":0.8816481481481482,"_step":10,"val_acc":0.8673333333333333,"train_loss":0.14801017279450676,"best_val_f1":0.8895522849997113,"_wandb":{"runtime":16}}